Branch_ID,True_Archetype,x1_OpCost,x2_Staff,z1_GreenDeposits,z2_ESGAccounts,y1_GreenRevenue,y2_CarbonNPL,E1_Input,E2_Input,E0_Input,E1_Output,E2_Output,E0_Output,E1_NonOriented,E2_NonOriented,E0_NonOriented,Slack_OpCost,Slack_Staff,Slack_Revenue,Slack_CarbonNPL,Reduct_%_OpCost,Reduct_%_Staff,Expand_%_Revenue,Mitigat_%_CarbonNPL
BR_001,Archetype_A,2.035313656225323,9.632550413513641,5.580528539720655,161.61424742790186,6.990457949261016,1.5188526397088444,0.6438,0.4186,0.5312,0.6454,0.4429,0.5442,0.6436,0.4186,0.5311,0.714,3.5,0.0,0.948,35.1,36.2,0.0,62.4
BR_002,Archetype_A,2.803407064494098,20.990757752070735,8.117100914957247,290.7542056462157,7.264814522674234,0.3891823546264765,0.6623,0.3322,0.4972,0.6338,0.431,0.5324,0.6145,0.3322,0.4734,0.426,9.9,0.0,0.383,15.2,47.3,0.0,98.5
BR_003,Archetype_A,2.648284552143642,18.356608192084103,7.727006483419079,246.8746412851265,10.19020279629907,0.9350550503437607,0.6266,0.4921,0.5594,0.6249,0.5584,0.5916,0.6055,0.4921,0.5488,0.629,9.0,0.0,0.846,23.8,48.8,0.0,90.5
BR_004,Archetype_A,2.994801481902564,10.9775439374958,6.718435579245727,276.00338955349173,8.620240527581313,0.766696140779468,0.7969,0.4399,0.6184,0.7907,0.5145,0.6526,0.7068,0.4399,0.5734,0.738,0.5,0.0,0.76,24.6,4.3,0.0,99.1
BR_005,Archetype_A,1.7271727122002225,14.86860884479639,8.069240832045407,163.18948143675374,8.729302514306873,0.7390055578928008,0.7732,0.4936,0.6334,0.708,0.5932,0.6506,0.7029,0.4936,0.5982,0.0,3.6,0.0,0.663,0.0,23.9,0.0,89.7
BR_006,Archetype_A,1.6412415230565163,13.57836668931752,8.263601482570788,170.4966361338668,13.33836559669207,0.8021497854862505,0.8525,0.7486,0.8006,0.7839,0.8653,0.8246,0.7835,0.7486,0.766,0.0,0.3,0.0,0.571,0.0,2.1,0.0,71.1
BR_007,Archetype_A,1.816746556946321,16.028006760566488,6.813433809313075,307.85209003660816,9.309962059963658,0.7383886375856039,0.9637,0.4475,0.7056,0.8846,0.5415,0.713,0.8846,0.4475,0.666,0.0,0.0,0.0,0.731,0.0,0.0,0.0,99.0
BR_008,Archetype_A,3.695626952722681,25.89730882006477,8.673200368430582,264.4144069865878,6.2017283656945,1.2699361575429038,0.4824,0.2683,0.3753,0.4888,0.2909,0.3899,0.4741,0.2683,0.3712,1.533,15.8,0.0,1.216,41.5,61.1,0.0,95.7
BR_009,Archetype_A,2.8050767715089293,13.65913402199174,5.008994134038612,87.25213586603799,6.654540419868123,1.015894876580803,0.379,0.5965,0.4878,0.3125,0.7224,0.5174,0.3105,0.5965,0.4535,1.62,8.1,0.0,0.473,57.8,59.6,0.0,46.5
BR_010,Archetype_A,3.0419503139373596,21.881314972036435,3.989389187127599,125.55440823820082,4.822431052925528,0.9178691816951621,0.2738,0.4143,0.344,0.2745,0.4159,0.3452,0.2662,0.4143,0.3402,2.015,17.1,0.0,0.524,66.2,78.2,0.0,57.1
BR_011,Archetype_A,2.0899138420115158,15.961602755866968,4.826404487827895,196.87674226541557,10.545293252451522,0.5248884369918132,0.5845,0.8198,0.7022,0.5313,0.8866,0.709,0.5144,0.8198,0.6671,0.48,8.5,0.0,0.284,23.0,53.1,0.0,54.0
BR_012,Archetype_A,3.5100410219059217,19.056939630532945,3.6948708552710716,291.59976800313103,7.8093859717819045,1.075851933925561,0.5888,0.5297,0.5592,0.3411,0.6031,0.4721,0.3384,0.5297,0.434,1.125,8.0,0.0,0.438,32.1,41.8,0.0,40.8
BR_013,Archetype_A,3.0411698630230126,23.107910876405832,7.238388079165746,193.24567380406586,5.651210820776243,1.0276400123549234,0.4439,0.3085,0.3762,0.4467,0.3322,0.3894,0.4358,0.3085,0.3722,1.329,15.1,0.0,0.978,43.7,65.5,0.0,95.2
BR_014,Archetype_A,2.193928422466142,14.293106361161405,8.312560493999348,201.81454335242884,8.928394933846686,0.9848232102391666,0.7356,0.4455,0.5906,0.7213,0.4971,0.6092,0.7012,0.4455,0.5734,0.227,5.1,0.0,0.907,10.4,36.0,0.0,92.1
BR_015,Archetype_A,1.7609978613371795,16.6138836853596,3.049455806691632,95.52156167934126,9.03484051061345,0.7373831949285456,0.3187,1.0,0.6594,0.3294,1.0,0.6647,0.318,1.0,0.659,0.98,13.0,0.0,-0.0,55.6,78.1,0.0,-0.0
BR_016,Archetype_A,1.719678730053763,17.433893739170365,4.8486527695594175,197.20115283186306,5.632845129444299,1.2925288602491931,0.6142,0.3499,0.482,0.5982,0.3757,0.487,0.5678,0.3499,0.4588,0.5,7.2,0.0,0.833,29.0,41.2,0.0,64.4
BR_017,Archetype_A,2.617977933974898,17.773275091296362,7.169705678970925,266.5330585179613,8.063648041526545,0.6577959881874531,0.6752,0.4063,0.5408,0.6353,0.4827,0.559,0.6141,0.4063,0.5102,0.438,7.6,0.0,0.651,16.7,42.9,0.0,99.0
BR_018,Archetype_A,2.4327317949342278,22.305988729632606,9.133225001146041,192.5929656029321,8.936366618149732,0.2566204121672291,0.6125,0.5006,0.5566,0.5725,0.595,0.5838,0.5632,0.5006,0.5319,0.644,7.3,0.0,0.249,26.5,32.7,0.0,97.2
BR_019,Archetype_A,1.3018196182588433,19.45376108155473,5.218786385750725,258.9164223990417,5.240689294360342,0.1799871354369207,0.8529,0.3203,0.5866,0.8517,0.451,0.6514,0.8156,0.3203,0.568,0.0,4.9,0.0,0.176,0.0,25.1,0.0,97.6
BR_020,Archetype_A,2.2206654579515908,23.95393333021405,5.584087014084909,291.94363982100015,7.278030889509193,0.8916030020678406,0.6611,0.3984,0.5297,0.5827,0.4563,0.5195,0.5456,0.3984,0.472,0.414,8.8,0.0,0.886,18.7,36.7,0.0,99.3
BR_021,Archetype_A,2.565499208812642,9.613620336789392,4.127303433237454,137.94028002471472,10.65767168662696,0.6572797725213607,0.4778,0.9968,0.7373,0.5067,0.9972,0.752,0.4574,0.9968,0.7271,1.437,4.4,0.0,0.0,56.0,45.4,0.0,0.0
BR_022,Archetype_A,1.6633329787161069,20.664938794595606,4.646181677952418,190.52744536730228,8.785367125223274,0.01,0.5547,0.8828,0.7188,0.5673,0.965,0.7662,0.5174,0.8828,0.7001,0.484,10.8,0.0,0.003,29.1,52.1,0.0,28.4
BR_023,Archetype_A,2.26546382768384,24.061799943053092,8.351630848605975,154.0996780599855,9.83854362269457,1.4925830107905318,0.5514,0.5369,0.5442,0.4896,0.6258,0.5577,0.4761,0.5369,0.5065,0.63,10.3,0.0,0.69,27.8,42.9,0.0,46.2
BR_024,Archetype_A,2.166299323246957,10.080205902081012,9.15621586352575,264.89615083073454,7.7346752661240155,0.8931763004116092,1.0,0.3316,0.6658,1.0,0.3885,0.6942,1.0,0.3316,0.6658,-0.0,-0.0,0.0,0.826,-0.0,-0.0,0.0,92.4
BR_025,Archetype_A,2.498115500471974,12.606322230723393,5.132675805170332,208.99033968422208,4.924445804888145,1.1392734122618566,0.6209,0.3086,0.4648,0.5535,0.3204,0.437,0.5462,0.3086,0.4274,0.789,4.7,0.0,0.737,31.6,36.9,0.0,64.7
BR_026,Archetype_A,2.261425949507733,20.80238195262198,8.892428557591165,238.1752863175974,6.926430581670699,1.2335679788321288,0.6841,0.3078,0.496,0.6905,0.3335,0.512,0.6735,0.3078,0.4906,0.158,11.0,0.0,1.173,7.0,52.9,0.0,95.1
BR_027,Archetype_A,1.5221248409298145,20.778016435709375,7.29188541327681,262.5224574311478,8.94842930218518,0.9123266166865074,0.8293,0.439,0.6342,0.8957,0.4961,0.6959,0.8233,0.439,0.6312,0.0,6.8,0.0,0.834,0.0,32.5,0.0,91.4
BR_028,Archetype_A,3.0900523722909408,18.937621170781895,7.777254643299817,183.94878579909206,7.056770952337932,1.2201338166869264,0.4994,0.375,0.4372,0.4841,0.4071,0.4456,0.4712,0.375,0.4231,1.25,10.4,0.0,1.158,40.5,54.8,0.0,94.9
BR_029,Archetype_A,2.677408815919429,10.06220130830356,7.112148100005519,296.34795498467304,4.588110155226271,0.8975018157143506,0.9425,0.2195,0.581,0.9571,0.252,0.6045,0.9158,0.2195,0.5676,0.231,0.0,0.0,0.894,8.6,0.0,0.0,99.6
BR_030,Archetype_A,0.9234989766439061,22.962348295194598,6.532893642810241,198.70444195940314,11.24367170076405,0.4284944313253343,1.0,0.6924,0.8462,1.0,0.8416,0.9208,1.0,0.6924,0.8462,0.0,-0.0,0.0,0.376,0.0,-0.0,0.0,87.8
BR_031,Archetype_A,2.2860769700286134,11.426188659065637,6.096854948168098,141.48167335987387,11.95592418738664,0.6078203404984462,0.5821,0.9371,0.7596,0.548,0.9618,0.7549,0.5423,0.9371,0.7397,0.844,4.7,0.0,0.115,36.9,41.3,0.0,18.9
BR_032,Archetype_A,1.444013775613307,12.125767826886175,7.37253432392149,233.38267287498087,11.394023271056907,0.769347249789914,1.0,0.5862,0.7931,1.0,0.6808,0.8404,1.0,0.5862,0.7931,0.0,-0.0,0.0,0.676,0.0,-0.0,0.0,87.9
BR_033,Archetype_A,1.6710422589904257,12.465385204079244,4.98143307372953,263.74498734493346,10.518196780302471,0.9260361588514701,0.9571,0.651,0.804,0.8462,0.7068,0.7765,0.8462,0.651,0.7486,0.0,0.0,0.0,0.737,0.0,0.0,0.0,79.6
BR_034,Archetype_A,3.224727362287461,22.535132765377465,4.233397194550332,153.6657651539568,5.360551679299385,1.0237437242396261,0.313,0.4079,0.3604,0.2977,0.4205,0.3591,0.2879,0.4079,0.3479,1.968,16.7,0.0,0.586,61.0,74.1,0.0,57.3
BR_035,Archetype_A,3.1675911451745273,18.622825884975587,6.263341745358309,257.77529405377965,12.276578268896618,0.01,0.5653,1.0,0.7827,0.5071,1.0,0.7535,0.4921,1.0,0.746,1.06,8.8,0.0,-0.0,33.4,47.3,0.0,-0.0
BR_036,Archetype_A,3.1183696180054836,18.144554498481746,7.753786745211351,282.6066221378807,4.331785224568317,0.5606356708227255,0.6428,0.2044,0.4236,0.6071,0.2523,0.4297,0.5902,0.2044,0.3973,0.807,7.4,0.0,0.557,25.9,40.7,0.0,99.4
BR_037,Archetype_A,2.300329178120152,13.817369851383576,4.838902174085221,127.10289669524504,11.07479794941576,1.0775058847814363,0.4314,0.8442,0.6378,0.4319,0.8986,0.6652,0.4203,0.8442,0.6322,1.155,8.5,0.0,0.174,50.2,61.4,0.0,16.1
BR_038,Archetype_A,1.5917327701172115,24.506569049690178,7.607877496420721,292.2602828904112,11.14517864870702,0.7144216858175783,0.8253,0.5203,0.6728,0.8899,0.6207,0.7553,0.8245,0.5203,0.6724,0.0,8.5,0.0,0.705,0.0,34.7,0.0,98.7
BR_039,Archetype_A,2.6385823699789537,15.656988572373484,9.149342491211925,104.04665052561397,9.158111903497744,0.14103713587413047,0.6633,1.0,0.8316,0.4212,1.0,0.7106,0.413,1.0,0.7065,0.474,5.6,0.0,-0.0,18.0,35.7,0.0,-0.0
BR_040,Archetype_A,2.2117056993432493,22.559064839264696,3.6916780273887864,152.09164419520212,11.268780945778676,1.4512526001669221,0.3662,0.8477,0.607,0.3557,0.928,0.6418,0.3371,0.8477,0.5924,1.271,14.7,0.0,0.393,57.5,65.0,0.0,27.1
BR_041,Archetype_A,1.8800048553642152,21.726877307933943,8.05266242808386,152.59662678923894,9.960677312771029,0.7737882041188925,0.6257,0.5796,0.6026,0.561,0.7052,0.6331,0.5424,0.5796,0.561,0.303,8.5,0.0,0.687,16.1,39.0,0.0,88.7
BR_042,Archetype_A,2.4874017602447114,13.43995753217357,6.03820868490604,265.838673680262,7.47323681743773,0.45027972687586215,0.762,0.4117,0.5868,0.6597,0.5272,0.5934,0.6451,0.4117,0.5284,0.313,3.3,0.0,0.444,12.6,24.7,0.0,98.6
BR_043,Archetype_A,1.8756957777129983,19.717361323124674,8.17551733778427,237.2832049020948,7.857586654065343,1.0583176224069455,0.7447,0.3698,0.5572,0.7746,0.4109,0.5928,0.7345,0.3698,0.5522,0.274,6.3,0.0,0.99,14.6,31.8,0.0,93.5
BR_044,Archetype_A,2.8587237731598205,9.201965398363384,5.336574539482497,143.90789234976694,10.061825325138742,1.266856622253286,0.5343,0.6746,0.6044,0.616,0.7189,0.6674,0.5211,0.6746,0.5978,1.596,3.3,0.0,0.446,55.8,36.2,0.0,35.2
BR_045,Archetype_A,1.7074255208172562,17.057387392805882,7.911428895686571,201.60172201119653,4.661733210056005,1.4316892811169835,0.7731,0.2346,0.5038,0.7731,0.244,0.5086,0.745,0.2346,0.4898,0.158,4.0,0.0,1.391,9.2,23.7,0.0,97.2
BR_046,Archetype_A,3.1343009110636633,15.059525696012045,7.770077440920901,226.27636752353501,8.397776143722997,0.4665897698455513,0.5803,0.4434,0.5118,0.5822,0.5438,0.563,0.5792,0.4434,0.5113,1.284,6.4,0.0,0.393,41.0,42.8,0.0,84.3
BR_047,Archetype_A,1.8026910148389446,11.128133696652387,9.204812068257528,127.70738713129911,12.559122184733335,0.6808358986507569,0.9577,1.0,0.9788,0.7925,1.0,0.8962,0.7925,1.0,0.8962,0.0,0.0,0.0,-0.0,0.0,0.0,0.0,-0.0
BR_048,Archetype_A,3.093742329928693,23.901022195396227,7.0799712505545145,266.74330400266183,6.794468131944211,1.4876669112880982,0.5388,0.322,0.4304,0.5057,0.3311,0.4184,0.4907,0.322,0.4064,0.912,13.8,0.0,0.933,29.5,57.5,0.0,62.7
BR_049,Archetype_A,3.1555026810378344,16.338052848935106,7.577617648061331,261.96754407315717,10.179955092752024,0.014448603523982473,0.6246,0.6918,0.6582,0.5969,0.8024,0.6996,0.5873,0.6918,0.6396,1.013,6.4,0.0,0.006,32.1,39.0,0.0,42.6
BR_050,Archetype_A,2.426639212447815,17.643650379965102,6.592319812246611,194.034803613466,10.44692284149883,1.0853456977975515,0.5345,0.6014,0.568,0.5472,0.627,0.5871,0.5316,0.6014,0.5665,0.84,10.3,0.0,0.931,34.6,58.2,0.0,85.8
BR_051,Archetype_A,3.0869129281172096,23.29732573094328,8.488211399417128,282.4185034450536,12.773696649771898,0.01,0.5895,1.0,0.7948,0.5792,1.0,0.7896,0.5625,1.0,0.7812,0.777,12.6,0.0,0.0,25.2,53.9,0.0,0.0
BR_052,Archetype_A,3.0810236261560577,20.4190994605732,6.383838151049584,184.09314672706435,10.344867190079874,1.564706562026469,0.4168,0.5602,0.4885,0.4294,0.5834,0.5064,0.4165,0.5602,0.4884,1.571,13.4,0.0,0.72,51.0,65.6,0.0,46.0
BR_053,Archetype_A,3.181624890247048,13.419918365866945,5.485552675965229,302.0350194496707,8.171476722775456,0.6321313480759831,0.753,0.4462,0.5996,0.59,0.5547,0.5723,0.5624,0.4462,0.5043,0.712,1.9,0.0,0.625,22.4,14.4,0.0,98.9
BR_054,Archetype_A,3.658919744192079,21.444403821982608,7.91205091108262,251.03663128005022,12.024016577954843,1.0320346940706142,0.4955,0.5659,0.5307,0.4935,0.632,0.5628,0.4801,0.5659,0.523,1.606,11.9,0.0,0.927,43.9,55.5,0.0,89.8
BR_055,Archetype_A,3.378441939093555,18.691838853605258,7.762251403509553,230.9115875602716,11.74290329668623,0.23845191252195164,0.512,0.6359,0.574,0.519,0.8167,0.6679,0.5074,0.6359,0.5716,1.49,9.9,0.0,0.214,44.1,53.0,0.0,89.9
BR_056,Archetype_A,3.6931842363003855,14.884404574030272,6.941620680199553,142.81993708358027,6.4381802233173095,0.3496430624262611,0.4526,0.4441,0.4484,0.4231,0.5361,0.4796,0.3982,0.4441,0.4212,2.051,7.2,0.0,0.293,55.5,48.7,0.0,83.9
BR_057,Archetype_A,1.680642742399894,13.059713083071717,4.865911177119793,286.1847992596719,8.72254446768643,0.01,1.0,0.755,0.8775,1.0,0.9128,0.9564,1.0,0.755,0.8775,0.0,0.0,0.0,0.003,0.0,0.0,0.0,28.9
BR_058,Archetype_A,1.7457500061052733,20.365043554507498,7.566550051410391,225.81095306957744,9.572811267485527,0.4934877180938495,0.7159,0.5098,0.6128,0.762,0.6232,0.6926,0.7085,0.5098,0.6092,0.264,7.9,0.0,0.41,15.1,38.9,0.0,83.0
BR_059,Archetype_A,1.8500892708727186,19.122648987740366,6.704072690846478,105.29619510740717,7.186166390953262,0.43407425563519464,0.545,0.5666,0.5558,0.4345,0.7359,0.5852,0.4266,0.5666,0.4966,0.537,8.1,0.0,0.371,29.0,42.3,0.0,85.5
BR_060,Archetype_A,1.6615112468564062,18.06188364869914,8.230202822586888,92.20249599259414,9.568553741545482,0.7991007037290622,0.7315,1.0,0.8658,0.4625,1.0,0.7312,0.4495,1.0,0.7248,0.05,4.5,0.0,0.0,3.0,25.1,0.0,0.0
BR_061,Archetype_A,2.4918889923317904,21.999448538845304,3.6107963755241617,234.0619775149977,8.395431720992288,1.3712820412324822,0.5186,0.5546,0.5366,0.3777,0.6641,0.5209,0.362,0.5546,0.4583,0.578,13.1,0.0,0.686,23.2,59.5,0.0,50.0
BR_062,Archetype_A,1.6768216910432807,20.37232786847219,7.449877257633858,200.1997283017332,6.773246089454447,1.2022453842294611,0.699,0.3561,0.5276,0.7236,0.3712,0.5474,0.6757,0.3561,0.5159,0.218,8.1,0.0,1.143,13.0,39.9,0.0,95.1
BR_063,Archetype_A,3.4056943046885526,12.472614751265937,9.872764790883446,257.1577715378575,9.731911899046775,1.0111025965328613,0.7649,0.4012,0.5831,0.8257,0.4618,0.6438,0.7378,0.4012,0.5695,1.07,1.6,0.0,0.926,31.4,12.9,0.0,91.6
BR_064,Archetype_A,2.1491317026419536,14.415140724958807,3.229873631045616,281.501753460003,11.044080415907183,0.5870041391735377,0.8302,1.0,0.9151,0.4672,1.0,0.7336,0.461,1.0,0.7305,0.0,2.6,0.0,-0.0,0.0,18.3,0.0,-0.0
BR_065,Archetype_A,1.9065632597841158,14.728292136058249,9.074501017539495,147.45935294672609,8.518931992284235,1.130590661253304,0.8045,0.4676,0.636,0.6584,0.5767,0.6176,0.6563,0.4676,0.5619,0.0,1.5,0.0,1.056,0.0,10.4,0.0,93.4
BR_066,Archetype_A,2.231187216784958,19.052676947300164,6.0332895251622425,229.6034816621168,4.319780310913034,0.9644971865753175,0.6106,0.2481,0.4294,0.5765,0.2683,0.4224,0.5615,0.2481,0.4048,0.354,10.3,0.0,0.927,15.8,54.1,0.0,96.1
BR_067,Archetype_A,1.6391504396422476,9.801623465279116,8.60249234031417,155.80939710729865,3.2159222985271527,0.2762906221646134,1.0,0.2015,0.6008,1.0,0.246,0.623,1.0,0.2015,0.6008,0.0,0.0,0.0,0.248,0.0,0.0,0.0,89.8
BR_068,Archetype_A,3.3268426809216654,18.089913169962564,7.4485450050954825,297.8791302105203,7.6248482921112455,1.4434530568748434,0.645,0.346,0.4955,0.5835,0.3588,0.4712,0.5704,0.346,0.4582,0.891,6.8,0.0,1.377,26.8,37.3,0.0,95.4
BR_069,Archetype_A,2.066645531727005,23.06460810235757,5.973710008005275,248.59641961481125,12.348912126815154,0.5786753839355124,0.611,0.745,0.678,0.6063,0.8544,0.7304,0.5635,0.745,0.6542,0.528,10.1,0.0,0.443,25.6,44.0,0.0,76.5
BR_070,Archetype_A,3.684353137734913,21.270657002290438,6.544382191149218,219.9018046508291,7.397163432491725,0.9096988388003735,0.43,0.4111,0.4206,0.419,0.4539,0.4364,0.4078,0.4111,0.4094,1.886,12.9,0.0,0.845,51.2,60.7,0.0,92.9
BR_071,Archetype_A,3.590044148360157,15.600530241048785,8.978408178584,227.56608993722648,10.09340409681689,1.5171536624006388,0.5972,0.4499,0.5236,0.5918,0.4739,0.5329,0.5722,0.4499,0.511,1.466,5.7,0.0,1.429,40.8,36.6,0.0,94.2
BR_072,Archetype_A,2.913096449576078,22.824370585155965,6.683131090145176,163.32244622477657,6.495162312013732,0.37652588187701286,0.413,0.4284,0.4207,0.4044,0.5215,0.463,0.3962,0.4284,0.4123,1.332,15.5,0.0,0.32,45.7,67.8,0.0,84.9
BR_073,Archetype_A,1.3812478511156474,14.952270539688055,5.816777017213785,190.3847608338303,8.121661266842038,1.4328387616884612,0.7508,0.4616,0.6062,0.7958,0.468,0.6319,0.7446,0.4616,0.6031,0.203,5.1,0.0,0.77,14.7,33.8,0.0,53.7
BR_074,Archetype_A,3.0485761700714664,20.682605647405254,7.017477918005065,228.28607051859902,11.675624086295109,0.6538054802070041,0.5065,0.6354,0.571,0.5018,0.7451,0.6235,0.486,0.6354,0.5607,1.182,12.0,0.0,0.587,38.8,58.0,0.0,89.8
BR_075,Archetype_A,2.337698108621715,10.597863298744748,7.065402173626845,198.21655333032126,9.76392324731238,1.1633418447120167,0.7199,0.5318,0.6258,0.7227,0.5536,0.6382,0.7134,0.5318,0.6226,0.666,2.8,0.0,1.078,28.5,26.6,0.0,92.7
BR_076,Archetype_A,3.434305238527431,14.084597993958868,8.149432951386093,173.7097405791818,6.2090733544851515,0.5549626561156096,0.5686,0.348,0.4583,0.5377,0.4168,0.4772,0.5084,0.348,0.4282,1.506,5.1,0.0,0.501,43.9,36.3,0.0,90.2
BR_077,Archetype_A,3.562299419077686,18.619872142556503,7.328600674591161,221.0286740511464,7.572146830577602,1.1086711430657907,0.4759,0.3886,0.4322,0.4776,0.4174,0.4475,0.4696,0.3886,0.4291,1.755,10.2,0.0,1.042,49.3,54.8,0.0,94.0
BR_078,Archetype_A,1.3012308410483593,15.778135278757045,5.751137399208342,274.81700530718683,5.636207730810389,0.436548637861053,1.0,0.3137,0.6568,1.0,0.4073,0.7036,1.0,0.3137,0.6568,0.0,-0.0,0.0,0.432,0.0,-0.0,0.0,98.9
BR_079,Archetype_A,2.4639877952930034,10.955768466591378,7.737232633137476,201.40486833535599,7.32693771078021,0.691190301513259,0.7445,0.3895,0.567,0.7365,0.4581,0.5973,0.7201,0.3895,0.5548,0.633,2.4,0.0,0.627,25.7,22.3,0.0,90.7
BR_080,Archetype_A,2.218566437842304,19.201177707786304,4.482524141434861,136.35795435832947,8.65926863496914,0.3929849324486007,0.3797,0.8315,0.6056,0.3854,0.8954,0.6404,0.3767,0.8315,0.6041,1.103,14.0,0.0,0.199,49.7,73.0,0.0,50.5
BR_081,Archetype_A,3.316722159550737,23.432081064755437,6.267021221479059,240.81985328612154,6.676084002742187,1.7766175028863416,0.4707,0.3198,0.3952,0.4377,0.3441,0.3909,0.423,0.3198,0.3714,1.347,14.3,0.0,1.232,40.6,60.9,0.0,69.3
BR_082,Archetype_A,3.0855568266857714,16.11100039940303,4.048868565085989,262.43029278085993,7.772242670127971,1.3870359684736928,0.6128,0.4728,0.5428,0.4119,0.5573,0.4846,0.4059,0.4728,0.4394,0.939,6.1,0.0,0.753,30.4,38.0,0.0,54.3
BR_083,Archetype_A,2.2317292545018868,21.921929805581264,5.249838169197516,113.53366503923006,8.291745610975763,1.1805164179963383,0.3766,0.6262,0.5014,0.3566,0.7195,0.538,0.3469,0.6262,0.4866,1.203,13.3,0.0,0.504,53.9,60.6,0.0,42.7
BR_084,Archetype_A,1.1403747436283516,15.314817959530389,6.253131513260524,114.8585588054504,11.507092229434614,0.9703927249049231,0.8132,1.0,0.9066,0.7041,1.0,0.852,0.6874,1.0,0.8437,0.0,2.1,0.0,0.0,0.0,13.9,0.0,0.0
BR_085,Archetype_A,2.5417036003596705,16.270375356663465,6.5995012064391085,125.0914785470794,10.03976556314143,0.08776008080248135,0.4825,1.0,0.7412,0.4307,1.0,0.7154,0.4199,1.0,0.71,0.98,9.0,0.0,-0.0,38.6,55.3,0.0,-0.0
BR_086,Archetype_A,2.6804089086591745,10.845684528477074,7.542461639066374,138.57046141989343,5.254478342404119,0.5842055907125319,0.6655,0.3363,0.5009,0.5849,0.4186,0.5018,0.5559,0.3363,0.4461,0.896,2.5,0.0,0.538,33.4,23.4,0.0,92.1
BR_087,Archetype_A,3.2530127826281463,9.217026919520059,6.220366307580391,196.85069594986908,10.690401998219615,0.5339808150536367,0.6392,0.6694,0.6543,0.7763,0.7899,0.7831,0.6245,0.6694,0.647,1.643,1.7,0.0,0.484,50.5,18.7,0.0,90.6
BR_088,Archetype_A,2.3933160379258585,22.536913950086607,7.5141816828881876,231.16436300560252,7.17428186676873,0.44475214162820637,0.5729,0.384,0.4784,0.5917,0.4726,0.5322,0.572,0.384,0.478,0.503,13.7,0.0,0.439,21.0,61.0,0.0,98.7
BR_089,Archetype_A,2.973953715287082,20.69452230183728,4.484158700254848,216.8145276300085,7.17721194935977,0.2783801459786739,0.4624,0.5109,0.4866,0.3867,0.6813,0.534,0.3724,0.5109,0.4416,1.201,12.4,0.0,0.273,40.4,60.1,0.0,97.9
BR_090,Archetype_A,1.9922586290756867,15.95085475018145,5.126178097378636,214.14456057319796,11.435391123952112,0.5430607875389267,0.6502,0.845,0.7476,0.5858,0.905,0.7454,0.5687,0.845,0.7068,0.241,7.8,0.0,0.252,12.1,48.9,0.0,46.5
BR_091,Archetype_A,2.047179435848921,16.25865690888885,5.553346876781882,167.4009637547322,11.38075383190457,0.5014011382680033,0.5257,0.9165,0.7211,0.5318,0.9468,0.7393,0.5194,0.9165,0.718,0.678,9.9,0.0,0.126,33.1,60.8,0.0,25.1
BR_092,Archetype_A,3.433845383407551,26.90133850910666,5.533905321351077,268.3925344410375,12.020336297231744,0.5881699968464433,0.4679,0.7464,0.6072,0.3938,0.8494,0.6216,0.3807,0.7464,0.5636,1.239,16.7,0.0,0.43,36.1,62.0,0.0,73.2
BR_093,Archetype_A,3.1913645948563754,16.61075012360735,6.860943829743657,210.52462722572898,9.659163271563736,0.8782950986454643,0.5054,0.5311,0.5182,0.5041,0.5943,0.5492,0.4959,0.5311,0.5135,1.47,8.6,0.0,0.794,46.1,51.8,0.0,90.4
BR_094,Archetype_A,2.9987686291237967,20.1379620490795,8.377164298106338,287.1580362004176,6.698698453899457,0.3150000968536088,0.6456,0.305,0.4753,0.627,0.402,0.5145,0.6068,0.305,0.4559,0.65,9.2,0.0,0.31,21.7,45.7,0.0,98.3
BR_095,Archetype_A,2.694877923917372,16.342621177064423,7.155311961324167,234.0306197024829,10.66740953918281,1.3542692032659784,0.6152,0.5389,0.5771,0.6069,0.5469,0.5769,0.5891,0.5389,0.564,0.781,7.4,0.0,1.261,29.0,45.5,0.0,93.1
BR_096,Archetype_A,2.5459359337001053,18.335527463501172,5.908937849779413,166.21595681125405,7.812725278417942,0.7469684964549534,0.4485,0.5154,0.482,0.4585,0.574,0.5162,0.4456,0.5154,0.4805,1.148,11.8,0.0,0.679,45.1,64.5,0.0,90.9
BR_097,Archetype_A,1.9975172360774698,7.694757997797957,5.304513467713527,240.89577295653524,10.4038967484744,1.943071529053314,1.0,0.5185,0.7592,1.0,0.5961,0.798,1.0,0.5185,0.7592,-0.0,0.0,0.0,1.094,-0.0,0.0,0.0,56.3
BR_098,Archetype_A,2.0463697369197957,23.283493478670376,8.6943163987912,162.3134562523653,7.541998348445865,0.30738773236266503,0.6219,0.4545,0.5382,0.554,0.5543,0.5542,0.5365,0.4545,0.4955,0.343,9.0,0.0,0.241,16.8,38.6,0.0,78.6
BR_099,Archetype_A,1.9023076727645487,20.722588265301532,6.046433485011472,225.57816455829501,9.406062678077472,0.8855408715293531,0.6243,0.5464,0.5854,0.6387,0.5996,0.6192,0.5964,0.5464,0.5714,0.507,9.0,0.0,0.811,26.6,43.4,0.0,91.5
BR_100,Archetype_A,1.6199450507090851,19.580725064457134,6.444675493808872,111.01325645117622,6.8980116447645745,1.0483510507472829,0.5665,0.5118,0.5392,0.4776,0.6073,0.5424,0.4654,0.5118,0.4886,0.358,9.0,0.0,0.988,22.1,45.9,0.0,94.2
BR_101,Archetype_A,2.0466111596481222,24.460910449433293,5.078289344262635,121.68298228105078,6.536060257765797,0.41169475349728046,0.3802,0.5514,0.4658,0.3768,0.6504,0.5136,0.3565,0.5514,0.454,1.052,16.1,0.0,0.355,51.4,65.9,0.0,86.1
BR_102,Archetype_A,2.988004824004359,25.272673877245534,5.522170902407959,275.1773731814138,12.537080059632983,0.22625897688063995,0.528,1.0,0.764,0.4421,1.0,0.721,0.4288,1.0,0.7144,0.738,14.8,0.0,-0.0,24.7,58.6,0.0,-0.0
BR_103,Archetype_A,3.2224808257773505,19.67028407431111,6.689383778715625,146.98907348429387,4.915512429313104,1.2020217854715374,0.4062,0.3118,0.359,0.3835,0.3413,0.3624,0.3736,0.3118,0.3427,1.64,12.3,0.0,0.801,50.9,62.6,0.0,66.6
BR_104,Archetype_A,2.554647554390184,13.3419604689775,5.265387810648658,234.9749367348211,8.317806885211704,0.4220622608526008,0.6641,0.5218,0.593,0.5698,0.663,0.6164,0.5594,0.5218,0.5406,0.633,4.4,0.0,0.415,24.8,33.0,0.0,98.4
BR_105,Archetype_A,2.752570840979567,21.885392292833952,6.5805163853465825,155.57684760439108,5.652256419239854,0.5141398043513382,0.4242,0.3711,0.3976,0.4108,0.439,0.4249,0.4032,0.3711,0.3872,1.196,14.6,0.0,0.465,43.4,66.9,0.0,90.4
BR_106,Archetype_B,4.28886546010636,37.34229074580104,2.4060920402142116,174.45842193403317,6.749813239475725,1.8564788462978383,0.226,0.5509,0.3884,0.1519,0.6725,0.4122,0.1443,0.5509,0.3476,2.454,26.4,0.0,1.306,57.2,70.6,0.0,70.3
BR_107,Archetype_B,3.1007021431863637,16.057133226393212,5.972880892112405,175.89935967077005,5.944352069686857,1.0570267073542479,0.4389,0.3748,0.4069,0.4434,0.3842,0.4138,0.4365,0.3748,0.4056,1.662,9.4,0.0,1.005,53.6,58.3,0.0,95.1
BR_108,Archetype_B,2.591238219637215,34.494875315409985,6.192534373119369,56.11432133646302,6.461096722448248,1.0514229647292153,0.33,0.8208,0.5754,0.1706,0.9702,0.5704,0.1647,0.8208,0.4928,1.19,17.5,0.0,0.0,45.9,50.7,0.0,0.0
BR_109,Archetype_B,4.437262088161441,24.001217308594107,3.679749516975322,106.39678261862053,5.275347982286712,1.6425114607115954,0.1825,0.4234,0.303,0.1862,0.4804,0.3333,0.1824,0.4234,0.3029,3.567,20.0,0.0,1.212,80.4,83.1,0.0,73.8
BR_110,Archetype_B,3.0058241124296368,28.47691733086038,6.8984124858137115,84.65623142858925,5.943888510704837,1.0486284176861198,0.3567,0.4969,0.4268,0.2385,0.6431,0.4408,0.2369,0.4969,0.3669,1.655,17.1,0.0,0.997,55.0,60.2,0.0,95.0
BR_111,Archetype_B,3.902457969637956,28.91902035678258,3.9873019316330502,121.80544817701129,6.827716007065433,1.563613989843646,0.2057,0.509,0.3574,0.208,0.5629,0.3854,0.2021,0.509,0.3556,2.906,24.3,0.0,1.006,74.5,84.0,0.0,64.4
BR_112,Archetype_B,5.525091823345201,16.556496739998828,4.9742984956827625,99.838556443328,7.762408137238076,0.9861041381665263,0.2596,0.6637,0.4616,0.2672,0.7665,0.5168,0.2227,0.6637,0.4432,4.348,11.1,0.0,0.353,78.7,66.9,0.0,35.8
BR_113,Archetype_B,4.4795941366654555,28.587402378852307,3.4406065893724986,210.6577599716754,7.775161371831495,0.8945243573024182,0.3062,0.6208,0.4635,0.2208,0.6882,0.4545,0.2134,0.6208,0.4171,2.757,20.6,0.0,0.26,61.5,72.0,0.0,29.1
BR_114,Archetype_B,4.481055571446737,32.24504882074015,5.089629012611982,163.7213563412766,3.332302719202625,1.1568779059294911,0.2415,0.2238,0.2326,0.2402,0.2253,0.2328,0.233,0.2238,0.2284,3.142,26.0,0.0,0.885,70.1,80.7,0.0,76.5
BR_115,Archetype_B,2.8820657977051543,23.32287943750369,1.859505439768581,141.81938967700262,5.5298478590955025,1.3018067588965907,0.2832,0.5892,0.4362,0.1809,0.7254,0.4532,0.1728,0.5892,0.381,1.39,14.4,0.0,0.842,48.2,61.7,0.0,64.7
BR_116,Archetype_B,4.856282614289186,36.13267208162368,5.581797640947778,121.72799365787716,3.383243863499295,1.7017664842900482,0.2055,0.2202,0.2128,0.1943,0.2601,0.2272,0.19,0.2202,0.2051,3.536,30.0,0.0,1.426,72.8,83.0,0.0,83.8
BR_117,Archetype_B,3.7901239408450027,18.68779940001703,5.190702160643484,159.379623692417,6.594505573175756,1.1167053138753777,0.3304,0.4494,0.3899,0.3273,0.4516,0.3894,0.3243,0.4494,0.3869,2.487,12.6,0.0,0.578,65.6,67.5,0.0,51.8
BR_118,Archetype_B,4.862388103327418,26.786392401144187,4.196792036675905,180.60732709658132,4.846967347129756,1.189127990965651,0.2635,0.3354,0.2994,0.2308,0.3677,0.2992,0.2253,0.3354,0.2804,3.385,19.9,0.0,0.794,69.6,74.3,0.0,66.7
BR_119,Archetype_B,4.665833559696952,22.798661256230723,2.787086468385148,156.0459370522051,4.626485009849352,1.6252574516545564,0.248,0.3687,0.3084,0.1835,0.4458,0.3146,0.1819,0.3687,0.2753,3.39,16.9,0.0,1.248,72.6,74.0,0.0,76.8
BR_120,Archetype_B,4.73632276931126,24.028026572550875,3.81606035489779,47.24352633157131,5.7919548347520005,1.3737318723675067,0.1672,0.8141,0.4906,0.1107,0.9151,0.5129,0.1095,0.8141,0.4618,3.833,19.8,0.0,0.255,80.9,82.5,0.0,18.5
BR_121,Archetype_B,3.678617463767297,35.48514036447413,4.123613506912547,150.0129259661878,5.995437811651568,0.8706085903129144,0.229,0.4918,0.3604,0.2286,0.5037,0.3662,0.219,0.4918,0.3554,2.452,29.8,0.0,0.381,66.7,83.9,0.0,43.8
BR_122,Archetype_B,3.2304794471823293,22.66806625444,3.380134447125883,74.5682314817999,4.2985164233308355,1.2732281780681776,0.1924,0.4381,0.3152,0.1828,0.5171,0.35,0.1781,0.4381,0.3081,2.431,18.9,0.0,0.922,75.2,83.6,0.0,72.4
BR_123,Archetype_B,4.316723096339003,28.972994947552326,2.0510027438318477,110.48633612723421,6.755794402598356,1.9738242671153747,0.1635,0.7026,0.433,0.1287,0.7778,0.4532,0.1238,0.7026,0.4132,3.413,24.8,0.0,1.026,79.1,85.5,0.0,52.0
BR_124,Archetype_B,3.1145606924325144,27.96876416150431,6.0444697506009595,40.96259734517696,5.482517348736305,1.2282774542522976,0.308,0.8002,0.5541,0.1289,0.9891,0.559,0.1282,0.8002,0.4642,1.747,11.4,0.0,0.0,56.1,40.7,0.0,0.0
BR_125,Archetype_B,3.3997374136385785,31.480567832848546,4.671037633344958,141.95341861596492,2.3110895440648367,1.2428609819475185,0.2508,0.1636,0.2072,0.2582,0.1692,0.2137,0.2502,0.1636,0.2069,2.239,26.1,0.0,1.054,65.9,82.8,0.0,84.8
BR_126,Archetype_B,4.618278279877061,35.0895436441083,4.182772044125342,139.5001199211029,7.089720398514786,0.8821148032610298,0.194,0.5885,0.3912,0.1904,0.5959,0.3932,0.185,0.5885,0.3868,3.477,29.8,0.0,0.303,75.3,84.9,0.0,34.4
BR_127,Archetype_B,5.0213938913731875,36.50430565316793,4.793210070799713,72.9489629569052,4.914998632285316,1.3153065362526335,0.1657,0.4545,0.3101,0.13,0.5771,0.3535,0.1277,0.4545,0.2911,3.887,31.2,0.0,0.914,77.4,85.5,0.0,69.5
BR_128,Archetype_B,4.530731558705294,25.874281144519447,4.896049728973016,148.74989732820274,5.002049422818196,1.392983899101432,0.2416,0.3311,0.2864,0.2438,0.3476,0.2957,0.2377,0.3311,0.2844,3.314,20.2,0.0,0.985,73.2,78.1,0.0,70.7
BR_129,Archetype_B,3.610302496590856,19.716884739953915,5.040649166888803,128.2510376837761,7.091398275891093,1.0021323414131733,0.2971,0.5457,0.4214,0.2922,0.5749,0.4336,0.2863,0.5457,0.416,2.418,14.2,0.0,0.423,67.0,71.9,0.0,42.2
BR_130,Archetype_B,3.1813185594030844,22.640151021529356,4.962467337538065,125.159397613752,5.046992783190202,2.003555928559751,0.2943,0.3251,0.3097,0.2921,0.3748,0.3335,0.2843,0.3251,0.3047,2.007,17.2,0.0,1.592,63.1,75.9,0.0,79.4
BR_131,Archetype_B,4.3133865719804625,28.976082266416263,5.857321175473078,106.35386915034273,4.567758151840224,2.2726278041777546,0.2446,0.2938,0.2692,0.2149,0.3581,0.2865,0.2097,0.2938,0.2518,2.928,22.5,0.0,1.9,67.9,77.7,0.0,83.6
BR_132,Archetype_B,4.6200706462969165,17.02050770787417,4.572051527860944,135.56306427386795,4.419243496515339,1.5156069714589975,0.27,0.303,0.2865,0.2994,0.3296,0.3145,0.2682,0.303,0.2856,3.511,11.9,0.0,1.155,76.0,69.7,0.0,76.2
BR_133,Archetype_B,1.9563742321254192,35.99218653352533,5.872986989649347,158.44620949787375,8.22066882376917,0.026907317229080796,0.4112,0.8311,0.6212,0.4406,0.9594,0.7,0.394,0.8311,0.6125,0.806,26.3,0.0,0.007,41.2,73.2,0.0,26.2
BR_134,Archetype_B,3.1855390787684144,33.9440575808715,5.93704252942382,50.803591736106696,5.598277641814348,0.6953779045351316,0.2772,0.8559,0.5666,0.1376,0.9909,0.5642,0.1369,0.8559,0.4964,1.842,17.7,0.0,0.0,57.8,52.0,0.0,0.0
BR_135,Archetype_B,4.358831315729282,22.83303536222312,3.3783654061283497,70.77303792865371,5.388175872569999,2.4190273568257985,0.1621,0.5083,0.3352,0.1477,0.5888,0.3682,0.1454,0.5083,0.3268,3.56,19.1,0.0,1.979,81.7,83.7,0.0,81.8
BR_136,Archetype_B,4.932890203258898,35.4541619647195,7.08344516141815,101.15239409375751,4.940092262497476,1.3271867011138871,0.2506,0.3518,0.3012,0.1883,0.4442,0.3162,0.185,0.3518,0.2684,3.257,27.7,0.0,0.924,66.0,78.0,0.0,69.6
BR_137,Archetype_B,5.0189692404078325,19.257556493644895,2.850974160796781,168.97378032736188,4.31795510823534,1.4541168125834434,0.2797,0.3412,0.3104,0.219,0.4156,0.3173,0.1998,0.3412,0.2705,3.637,12.8,0.0,1.102,72.5,66.6,0.0,75.8
BR_138,Archetype_B,4.036451272230635,21.404432326656664,5.814820252791409,157.21404550055001,5.202218068877862,0.8735278020138358,0.3151,0.3508,0.3329,0.3147,0.3728,0.3438,0.3091,0.3508,0.3299,2.661,15.0,0.0,0.828,65.9,70.1,0.0,94.8
BR_139,Archetype_B,3.19477020166374,35.6506499448473,4.140973881762342,159.00208840504908,6.467268357399539,1.255806194662792,0.2574,0.4592,0.3583,0.2624,0.4997,0.381,0.2439,0.4592,0.3516,2.211,27.4,0.0,0.728,69.2,76.8,0.0,58.0
BR_140,Archetype_B,3.3647911386474663,32.15163791825278,5.784487123836052,137.20554922125038,2.442761887396028,0.5015972409707221,0.285,0.1807,0.2328,0.2783,0.2109,0.2446,0.271,0.1807,0.2258,2.232,22.6,0.0,0.48,66.3,70.4,0.0,95.7
BR_141,Archetype_B,4.5294761432328965,30.5931833454236,5.570980393823978,137.68606473664317,3.975031904765356,2.6396161472394746,0.2361,0.223,0.2296,0.2329,0.2603,0.2466,0.2264,0.223,0.2247,3.211,24.5,0.0,2.315,70.9,80.0,0.0,87.7
BR_142,Archetype_B,4.990750528684992,27.880407345196808,6.37310726289401,65.62018659842582,4.384051346934542,1.7091480573849818,0.2519,0.3826,0.3173,0.1478,0.5159,0.3318,0.1454,0.3826,0.264,3.483,20.9,0.0,1.351,69.8,74.8,0.0,79.1
BR_143,Archetype_B,4.406086749656705,18.175203776387768,5.169663023748097,139.0711652769827,5.635996258048388,1.8842593836838573,0.2913,0.3469,0.3191,0.3018,0.3913,0.3466,0.2846,0.3469,0.3157,3.183,12.5,0.0,1.424,72.2,68.7,0.0,75.6
BR_144,Archetype_B,5.257672875281678,32.24823008754586,3.0547575205485265,200.95771412107513,7.89192225456235,0.6511575596664696,0.2544,0.7469,0.5006,0.1722,0.7931,0.4826,0.1679,0.7469,0.4574,3.614,24.6,0.0,0.19,68.7,76.3,0.0,29.2
BR_145,Archetype_B,3.658743598217467,38.23945184699508,3.163809821852749,143.89101862542276,3.4887489390422766,1.8498276978275006,0.2029,0.2608,0.2318,0.1911,0.3052,0.2482,0.1801,0.2608,0.2204,2.768,30.8,0.0,1.565,75.7,80.4,0.0,84.6
BR_146,Archetype_B,4.180778092251927,30.43127098458141,4.690828136072651,164.72892895249714,5.367825543318494,1.9345664734942383,0.2555,0.3191,0.2873,0.2463,0.3528,0.2996,0.2386,0.3191,0.2788,2.834,24.2,0.0,1.496,67.8,79.4,0.0,77.4
BR_147,Archetype_B,4.3602177162726665,21.464466624915616,2.9683932311457153,161.15415044027577,4.946357931577345,0.927686017886747,0.2731,0.4407,0.3569,0.2065,0.5056,0.3561,0.2044,0.4407,0.3226,3.042,15.3,0.0,0.524,69.8,71.4,0.0,56.5
BR_148,Archetype_B,3.818362485490224,30.96024044746977,5.061777611784907,82.73602175999166,7.242432940451784,1.0928213176962243,0.2194,0.6498,0.4346,0.1799,0.806,0.493,0.1782,0.6498,0.414,2.621,25.4,0.0,0.502,68.6,82.0,0.0,45.9
BR_149,Archetype_B,5.211076013064244,28.025708825220207,4.025670669204539,190.17256383122128,3.1469745932662447,2.290330923890701,0.2597,0.1836,0.2216,0.2162,0.2163,0.2162,0.2114,0.1836,0.1975,3.656,20.8,0.0,2.033,70.2,74.2,0.0,88.8
BR_150,Archetype_B,5.022095214863711,16.832325225683665,6.0485144650680684,84.99058894224652,4.722590167411848,1.9640758082700054,0.3195,0.3491,0.3343,0.2463,0.4445,0.3454,0.2225,0.3491,0.2858,3.591,10.2,0.0,1.579,71.5,60.4,0.0,80.4
BR_151,Archetype_B,3.8289908044763084,27.73847217388909,4.673032049075344,113.03460057607658,7.015047562959065,1.9691222334853893,0.2262,0.4845,0.3554,0.2216,0.5638,0.3927,0.2159,0.4845,0.3502,2.723,22.6,0.0,1.397,71.1,81.5,0.0,70.9
BR_152,Archetype_B,3.1216011362338856,18.399340153786618,6.229718548530627,67.25805848085996,5.899456266265098,1.9713203650707911,0.383,0.4971,0.44,0.2341,0.653,0.4436,0.2296,0.4971,0.3634,1.648,11.5,0.0,1.49,52.8,62.7,0.0,75.6
BR_153,Archetype_B,4.041418842489147,42.522106017916165,3.333664241359203,71.23573547925963,5.19507433879846,1.1835297214642606,0.1285,0.5518,0.3401,0.1213,0.6566,0.3889,0.1171,0.5518,0.3344,3.388,37.0,0.0,0.76,83.8,87.1,0.0,64.2
BR_154,Archetype_B,2.136624614995412,28.84153215812565,6.603637372249543,108.20576174845338,4.8315669258195255,1.9431690018873446,0.4249,0.3073,0.3661,0.3508,0.3854,0.3681,0.3349,0.3073,0.3211,0.843,18.0,0.0,1.549,39.5,62.3,0.0,79.7
BR_155,Archetype_B,4.33103951725199,26.04454884581127,5.564734255870829,104.91276781153498,4.571447110324325,0.3554695072506328,0.2459,0.3984,0.3222,0.218,0.4957,0.3568,0.2127,0.3984,0.3056,3.014,19.9,0.0,0.316,69.6,76.5,0.0,88.8
BR_156,Archetype_B,2.923383736226751,26.526372415925792,4.197016431820435,91.743890420488,4.519368992367311,1.6775012459409828,0.2373,0.368,0.3026,0.2246,0.4344,0.3295,0.2212,0.368,0.2946,2.101,19.6,0.0,1.309,71.9,74.0,0.0,78.0
BR_157,Archetype_B,3.3144217562851916,32.286619586288815,5.065601532138635,181.54718272753036,3.42197635429154,1.8529755674236237,0.3071,0.1927,0.2499,0.3088,0.2118,0.2603,0.2957,0.1927,0.2442,1.83,25.4,0.0,1.574,55.2,78.6,0.0,84.9
BR_158,Archetype_B,3.8522030636460376,35.49659315895297,5.096428778724799,62.077692149892584,4.744954002317403,1.6930883255692208,0.2078,0.4504,0.3291,0.1384,0.5821,0.3602,0.1376,0.4504,0.294,2.854,27.1,0.0,1.306,74.1,76.4,0.0,77.1
BR_159,Archetype_B,2.171344256005571,36.46441346600703,3.520198227618975,95.12980521714857,4.402432234250901,2.8755385205484534,0.2283,0.3454,0.2868,0.2445,0.3932,0.3188,0.2194,0.3454,0.2824,1.482,30.7,0.0,2.516,68.2,84.1,0.0,87.5
BR_160,Archetype_B,4.862298909705887,33.40989702876756,5.122577849466936,133.1564681193072,3.4414549731994133,1.4362654362555924,0.2032,0.2319,0.2176,0.2036,0.257,0.2303,0.1979,0.2319,0.2149,3.65,27.8,0.0,1.155,75.1,83.1,0.0,80.4
BR_161,Archetype_B,2.4217043702491625,36.029074347344455,3.8029731249755785,114.26390737513545,4.996898695842642,1.2220402607076637,0.2369,0.4132,0.325,0.2606,0.4455,0.353,0.2343,0.4132,0.3238,1.677,29.8,0.0,0.814,69.2,82.6,0.0,66.6
BR_162,Archetype_B,2.9952769975611653,37.9473591061738,3.104791938762513,184.46308295210181,8.16238663897754,0.6278909325917887,0.2853,0.7942,0.5397,0.2419,0.8349,0.5384,0.2202,0.7942,0.5072,1.854,28.4,0.0,0.125,61.9,74.7,0.0,20.0
BR_163,Archetype_B,4.863422072386858,24.709548974323226,4.697947034206684,168.80792109099735,6.647567968351578,1.5265864966745608,0.2618,0.4164,0.3391,0.2459,0.4515,0.3487,0.2426,0.4164,0.3295,3.483,18.3,0.0,0.984,71.6,74.0,0.0,64.5
BR_164,Archetype_B,4.079416997578152,30.912370241552512,3.672325025051474,175.3177861233086,3.104815464109314,0.8026646733757237,0.2619,0.2628,0.2623,0.2218,0.2753,0.2486,0.2141,0.2628,0.2384,2.646,24.2,0.0,0.549,64.9,78.4,0.0,68.4
BR_165,Archetype_B,2.600999578178432,24.37385761659233,2.97614825332815,154.9201808527862,2.9770756780116727,1.3526738148638646,0.3219,0.2401,0.281,0.2728,0.2867,0.2798,0.2604,0.2401,0.2503,1.334,18.5,0.0,1.11,51.3,75.8,0.0,82.0
BR_166,Archetype_B,3.9075195139007444,42.301033971078446,3.3373797432160957,135.24384923737003,8.360437239812565,2.163366077119816,0.1795,0.6048,0.3922,0.1783,0.6893,0.4338,0.1668,0.6048,0.3858,3.071,35.3,0.0,1.481,78.6,83.4,0.0,68.5
BR_167,Archetype_B,4.704538484053791,41.79486794744123,5.92559217901424,189.21399319950007,3.7991310207373163,2.023097429829915,0.2416,0.194,0.2178,0.245,0.208,0.2265,0.2382,0.194,0.2161,3.157,34.6,0.0,1.713,67.1,82.8,0.0,84.7
BR_168,Archetype_B,3.475823364457348,23.462456253829878,4.877722843808988,101.43760451174421,2.642311355579682,0.8079117231812032,0.2592,0.2364,0.2478,0.2407,0.2654,0.253,0.2346,0.2364,0.2355,2.322,18.1,0.0,0.785,66.8,77.1,0.0,97.1
BR_169,Archetype_B,4.634403358751962,31.575079820634112,6.641699065000378,132.2398444370744,6.419804789977,0.4473937652408899,0.2612,0.4552,0.3582,0.2386,0.557,0.3978,0.2326,0.4552,0.3439,3.063,24.3,0.0,0.391,66.1,76.8,0.0,87.5
BR_170,Archetype_B,2.47467779719676,39.79714930537689,4.124806434040004,166.83670623260798,6.123666803358715,2.5576174775297082,0.2933,0.3615,0.3274,0.3134,0.413,0.3632,0.2788,0.3615,0.3202,1.442,31.1,0.0,2.058,58.3,78.2,0.0,80.5
BR_171,Archetype_B,2.2970905812693077,20.861687487009448,3.449876405063207,136.77813774886855,6.881450144167584,1.0478520010630243,0.3394,0.5804,0.4599,0.3223,0.6356,0.479,0.3107,0.5804,0.4456,1.179,15.7,0.0,0.486,51.3,75.1,0.0,46.4
BR_172,Archetype_B,4.508442262044456,27.99411811032005,3.883918614622549,188.29058410627866,3.0528506120209187,1.1003516519898429,0.2793,0.2211,0.2502,0.2312,0.2461,0.2386,0.2233,0.2211,0.2222,2.969,20.8,0.0,0.851,65.8,74.4,0.0,77.4
BR_173,Archetype_B,2.833049836539197,36.07212158369582,3.3891818770059947,168.98972475576738,2.2351490264012375,0.4033664505778013,0.2757,0.2062,0.241,0.2615,0.2503,0.2559,0.2378,0.2062,0.222,1.787,27.3,0.0,0.402,63.1,75.7,0.0,99.5
BR_174,Archetype_B,4.8785908940168525,20.23167808157215,1.9487169803863942,168.8525560830551,7.833676083178853,2.1852334476736477,0.2768,0.7653,0.521,0.159,0.8303,0.4946,0.1503,0.7653,0.4578,3.498,13.8,0.0,0.344,71.7,68.2,0.0,15.8
BR_175,Archetype_B,4.1640662132685,34.59800354378848,5.353026545194456,205.50977084597932,4.505069447545784,0.8245744327611645,0.2968,0.2914,0.2941,0.2773,0.3181,0.2977,0.2706,0.2914,0.281,2.483,26.8,0.0,0.785,59.6,77.4,0.0,95.2
BR_176,Archetype_B,4.9373487841611885,25.74291424991143,3.438002392651787,112.36457681321562,6.888329692876412,2.0397888129512327,0.1723,0.5333,0.3528,0.1682,0.6002,0.3842,0.1654,0.5333,0.3494,4.018,21.5,0.0,1.478,81.4,83.4,0.0,72.4
BR_177,Archetype_B,3.449579570192911,37.65957535557567,4.73644625382077,91.2261058748284,6.638040010678814,0.9976855959943983,0.2055,0.5951,0.4003,0.1859,0.7033,0.4446,0.18,0.5951,0.3875,2.522,29.9,0.0,0.456,73.1,79.3,0.0,45.7
BR_178,Archetype_B,3.2832934395852083,39.373525647173324,4.935076220730294,131.24843199618948,6.148830178612569,0.7873468519542937,0.2369,0.4903,0.3636,0.244,0.5136,0.3788,0.2285,0.4903,0.3594,2.317,31.3,0.0,0.734,70.6,79.4,0.0,93.2
BR_179,Archetype_B,5.123534599912216,41.2271208481237,3.2133346832798346,103.9299392048867,4.330896045250122,1.608260586816996,0.1277,0.3718,0.2498,0.1266,0.416,0.2713,0.1236,0.3718,0.2477,4.274,37.3,0.0,1.255,83.4,90.4,0.0,78.0
BR_180,Archetype_B,3.5625121788872054,23.964533587516286,2.6631169729383757,156.9996399214178,5.310024211763039,1.9739833011676768,0.2789,0.4167,0.3478,0.2087,0.4994,0.354,0.2007,0.4167,0.3087,2.279,18.0,0.0,1.541,64.0,75.1,0.0,78.0
BR_181,Archetype_B,3.843771793664293,37.03886461705064,4.952769754271845,166.50766086927825,5.326527340231216,1.6604678251504852,0.2475,0.321,0.2842,0.2531,0.3448,0.299,0.243,0.321,0.282,2.482,30.7,0.0,1.226,64.6,82.9,0.0,73.8
BR_182,Archetype_B,2.7405774564215366,36.84995521215192,4.7957018052144305,167.11157626026753,7.545890259592021,1.5798941638131199,0.2978,0.4661,0.382,0.3235,0.5031,0.4133,0.2917,0.4661,0.3789,1.707,28.2,0.0,0.964,62.3,76.4,0.0,61.0
BR_183,Archetype_B,1.8405718723026023,27.28012321858457,2.8847182673568077,118.75810134928822,7.140983343864166,1.704597648140175,0.2888,0.6044,0.4466,0.3041,0.6944,0.4992,0.2719,0.6044,0.4382,1.106,21.1,0.0,1.122,60.1,77.4,0.0,65.8
BR_184,Archetype_B,4.484552579935943,32.18539519548643,6.612414508585993,74.45282580412582,3.850396149501794,1.469201561757504,0.2575,0.3191,0.2883,0.1635,0.4304,0.297,0.1611,0.3191,0.2401,2.92,24.9,0.0,1.155,65.1,77.4,0.0,78.6
BR_185,Archetype_B,4.418349682964931,23.29956920029307,3.149903595664653,130.73065022333313,3.1519325213559393,1.5861597961195613,0.2148,0.2516,0.2332,0.1907,0.29,0.2404,0.1871,0.2516,0.2194,3.349,18.3,0.0,1.329,75.8,78.6,0.0,83.8
BR_186,Archetype_B,4.468773742448665,31.758828599890695,4.8733182374043755,97.6999875705468,8.169970713015672,1.8274689000510171,0.1953,0.6049,0.4001,0.179,0.728,0.4535,0.1748,0.6049,0.3899,3.316,26.4,0.0,1.161,74.2,83.1,0.0,63.5
BR_187,Archetype_B,3.557208693295114,23.859936060414274,7.041581419916576,193.3811331675228,6.749939109768674,1.9211081577518059,0.3912,0.3264,0.3588,0.398,0.3531,0.3756,0.3863,0.3264,0.3564,1.891,16.1,0.0,1.37,53.2,67.5,0.0,71.3
BR_188,Archetype_B,3.424987953356347,19.448332215103452,3.3866989908925835,115.16768310268779,8.461752628104074,1.2851106294121457,0.2435,0.7192,0.4813,0.236,0.7846,0.5103,0.23,0.7192,0.4746,2.483,15.1,0.0,0.595,72.5,77.5,0.0,46.3
BR_189,Archetype_B,3.1279063005414973,21.307037500233132,3.513296914914222,70.11854701270518,3.8445513823137647,0.8153268127129939,0.2048,0.4446,0.3247,0.1873,0.5264,0.3568,0.1826,0.4446,0.3136,2.297,17.4,0.0,0.502,73.4,81.8,0.0,61.5
BR_190,Archetype_B,3.1527825343807736,33.46221522016839,3.352764274433543,66.73994257142229,6.1929090252955366,0.4668855045138878,0.1621,0.8884,0.5252,0.1488,0.9575,0.5532,0.144,0.8884,0.5162,2.496,27.9,0.0,0.01,79.2,83.5,0.0,2.2
BR_191,Archetype_B,5.010947310548903,29.10419503521685,3.1936996762691043,138.1115141383773,6.0379042038109425,1.870352176758304,0.1912,0.4546,0.3229,0.1676,0.5273,0.3474,0.1627,0.4546,0.3086,3.881,23.8,0.0,1.378,77.5,81.9,0.0,73.7
BR_192,Archetype_B,4.48960314927512,29.620386229441905,3.155633446499655,148.805906572455,6.227823623370087,1.273304259767663,0.2165,0.5026,0.3596,0.1823,0.5867,0.3845,0.1758,0.5026,0.3392,3.273,24.0,0.0,0.765,72.9,80.9,0.0,60.1
BR_193,Archetype_B,3.934522340990142,19.964476987248258,5.43178270219987,83.0805837330011,5.104208142000102,1.9115326406125832,0.2865,0.3949,0.3407,0.219,0.4942,0.3566,0.2166,0.3949,0.3057,2.649,14.0,0.0,1.495,67.3,70.0,0.0,78.2
BR_194,Archetype_B,4.129818245608322,26.161924477405705,2.7643230212674217,45.55128839378974,2.160642504973718,2.6102047643390627,0.124,0.2776,0.2008,0.1021,0.3026,0.2023,0.0997,0.2776,0.1887,3.476,23.1,0.0,2.434,84.2,88.4,0.0,93.2
BR_195,Archetype_B,5.487368975864685,29.309691249168143,4.490502637581468,114.48232993612704,5.064055923510453,2.639569712291494,0.1761,0.335,0.2556,0.1729,0.3905,0.2817,0.1697,0.335,0.2524,4.425,24.4,0.0,2.226,80.6,83.1,0.0,84.3
BR_196,Archetype_B,5.252786186861329,34.18191215653606,6.443840790553011,95.34385423147026,4.625423275799431,1.8482101955257086,0.2243,0.3198,0.272,0.1723,0.4072,0.2898,0.1684,0.3198,0.2441,3.728,27.1,0.0,1.471,71.0,79.2,0.0,79.6
BR_197,Archetype_B,3.830419163463747,23.923683227599415,6.1622257908460725,156.3986974650139,5.163619137795443,2.0353713364560613,0.3216,0.2796,0.3006,0.3193,0.3171,0.3182,0.3104,0.2796,0.295,2.372,17.1,0.0,1.614,61.9,71.6,0.0,79.3
BR_198,Archetype_B,4.517456428826432,32.29352808971768,5.249833009819798,142.78756623664987,7.432149155590273,1.9078551397932495,0.2232,0.4487,0.3359,0.2263,0.5048,0.3656,0.22,0.4487,0.3344,3.275,26.5,0.0,1.301,72.5,82.1,0.0,68.2
BR_199,Archetype_B,2.8225754265332945,32.061633758254,3.740253908279279,111.49598375580793,4.5529848799621195,1.8308386160515706,0.2212,0.3485,0.2848,0.2345,0.3955,0.315,0.2189,0.3485,0.2837,2.09,25.9,0.0,1.459,74.0,80.8,0.0,79.7
BR_200,Archetype_B,3.5113306792099777,34.44403502320039,4.249615271930867,99.63406923104972,6.779914755887917,0.8658059207715261,0.1982,0.6323,0.4152,0.193,0.693,0.443,0.1872,0.6323,0.4098,2.679,27.5,0.0,0.312,76.3,79.7,0.0,36.1
BR_201,Archetype_B,3.3110697175011023,21.68471284149239,4.855387562688415,191.37600092687038,4.010233457751193,0.9390467452424662,0.3869,0.2804,0.3336,0.3542,0.2904,0.3223,0.3422,0.2804,0.3113,1.746,14.4,0.0,0.904,52.7,66.4,0.0,96.3
BR_202,Archetype_B,3.7170862984019566,18.920225286344188,4.566140345150376,120.26856979278314,6.629324008594858,1.388561610277866,0.2725,0.4875,0.38,0.2686,0.5425,0.4055,0.2651,0.4875,0.3763,2.637,13.9,0.0,0.848,70.9,73.4,0.0,61.0
BR_203,Archetype_B,3.052283923583378,38.24348202618466,4.173046549684283,178.18371135068062,6.629770434419583,1.4626917115373264,0.2789,0.4332,0.356,0.2819,0.4904,0.3862,0.2568,0.4332,0.345,1.95,29.0,0.0,0.922,63.9,75.8,0.0,63.0
BR_204,Archetype_B,1.8851159387692826,16.890510876769646,6.584133392514386,79.72367736334591,4.357165938426619,2.4652536168647634,0.5548,0.3151,0.4349,0.3683,0.3998,0.384,0.3667,0.3151,0.3409,0.596,6.1,0.0,2.11,31.6,35.9,0.0,85.6
BR_205,Archetype_B,1.6586533465222724,36.8503215780554,3.3495504013275568,125.29440083293485,3.8466201689011554,0.8749958034424152,0.3013,0.357,0.3292,0.3289,0.3763,0.3526,0.2952,0.357,0.3261,0.883,30.3,0.0,0.561,53.3,82.3,0.0,64.1
BR_206,Archetype_B,2.7830602352000766,23.530896226722152,3.3177047467923817,65.092831271573,3.769521105034932,2.2947421824769947,0.1973,0.3766,0.287,0.1783,0.4365,0.3074,0.1767,0.3766,0.2766,1.998,19.9,0.0,1.987,71.8,84.5,0.0,86.6
BR_207,Archetype_B,4.924325215190912,40.85586018928293,4.876724917841649,128.34325091232003,4.114683433050515,1.8369306827180891,0.1779,0.2689,0.2234,0.1771,0.3057,0.2414,0.1742,0.2689,0.2215,3.771,35.5,0.0,1.501,76.6,86.9,0.0,81.7
BR_208,Archetype_B,4.744406558456665,38.81343818798713,4.468293438566527,184.31885260217996,7.375053059179782,1.11776659230353,0.2329,0.5062,0.3696,0.2112,0.5371,0.3742,0.2055,0.5062,0.3558,3.237,31.8,0.0,0.516,68.2,81.9,0.0,46.1
BR_209,Archetype_B,4.056416080983046,34.85156977591716,5.9744776624541025,98.81849226031623,7.573010615755322,1.75181806533888,0.238,0.5303,0.3842,0.1964,0.664,0.4302,0.1954,0.5303,0.3628,2.643,28.3,0.0,1.134,65.2,81.1,0.0,64.7
BR_210,Archetype_B,3.482914714342318,24.496181309848836,5.884571851703226,54.00797165823755,4.3918036904128686,1.0306128789546123,0.2978,0.4865,0.3922,0.1622,0.6823,0.4222,0.16,0.4865,0.3232,2.091,18.0,0.0,0.672,60.0,73.6,0.0,65.2
BR_211,Archetype_B,4.07916116447329,31.188534221762342,5.2660304770699575,77.4275985302699,4.902695065776248,2.574597057335917,0.2192,0.3797,0.2994,0.1678,0.4518,0.3098,0.1656,0.3797,0.2726,2.833,25.4,0.0,2.174,69.5,81.4,0.0,84.5
BR_212,Archetype_B,3.617529704980183,26.30925913494111,2.783170056028317,104.86956757178555,5.027277955254638,0.34164856356756323,0.186,0.6441,0.415,0.1745,0.7263,0.4504,0.1688,0.6441,0.4064,2.76,22.3,0.0,0.326,76.3,84.8,0.0,95.4
BR_213,Archetype_B,2.896199116879085,30.503172650848878,4.039381973223091,80.07962207730301,6.946566395541379,1.2993450225084462,0.213,0.6446,0.4288,0.1951,0.7801,0.4876,0.1891,0.6446,0.4168,2.105,23.9,0.0,0.732,72.7,78.2,0.0,56.4
BR_214,Archetype_B,3.4435185286013272,34.767046888574015,4.415564863636058,73.7803377629395,4.376791571078922,0.2573779406671566,0.1945,0.5131,0.3538,0.1621,0.6594,0.4108,0.1589,0.5131,0.336,2.579,27.5,0.0,0.219,74.9,79.1,0.0,85.1
BR_215,Archetype_B,3.644000598205025,40.58645608038,2.99099636513978,161.69403839086007,6.098371997797657,1.475111273613755,0.2194,0.4748,0.3471,0.1912,0.5715,0.3814,0.1778,0.4748,0.3263,2.644,32.2,0.0,0.977,72.5,79.3,0.0,66.3
BR_216,Archetype_B,3.4909523108472116,43.581467796461126,3.075896283734046,133.6936409661195,5.516327609405758,2.0291350108120465,0.1825,0.4211,0.3018,0.1832,0.4862,0.3347,0.167,0.4211,0.294,2.664,36.6,0.0,1.579,76.3,84.1,0.0,77.8
BR_217,Archetype_B,4.258195226448586,34.234776769652704,6.185150529389509,77.38237243970863,5.987002637527844,1.8845941847462335,0.2413,0.468,0.3546,0.1647,0.6093,0.387,0.1638,0.468,0.3159,2.795,27.4,0.0,1.396,65.6,80.1,0.0,74.1
BR_218,Archetype_B,2.5700532710143045,23.74999332148103,2.8370328423732247,184.02389542917885,3.7364431837597936,1.5493392652809166,0.387,0.2853,0.3362,0.2852,0.3508,0.318,0.2708,0.2853,0.278,0.634,12.2,0.0,1.244,24.7,51.3,0.0,80.3
BR_219,Archetype_B,3.574349115509882,26.92608314917164,4.77157194238557,77.44289587705121,6.830357447359747,2.2453306631803853,0.2281,0.5546,0.3913,0.1867,0.664,0.4254,0.1836,0.5546,0.3691,2.445,21.7,0.0,1.688,68.4,80.5,0.0,75.2
BR_220,Archetype_B,4.204011306770921,36.12661314186634,2.6605535079314784,194.17571690021722,2.973316896408999,1.632650223943355,0.2583,0.2292,0.2437,0.1722,0.2839,0.228,0.1638,0.2292,0.1965,2.161,23.9,0.0,1.39,51.4,66.2,0.0,85.1
BR_221,Archetype_B,2.531708345792353,19.57131786414008,2.908401744011268,79.16155996524613,3.712640828924218,2.488041313720744,0.214,0.3495,0.2818,0.2161,0.3957,0.3059,0.2111,0.3495,0.2803,1.844,16.4,0.0,2.185,72.8,83.6,0.0,87.8
BR_222,Archetype_B,4.190577693638471,25.410841349235408,4.188057798371455,202.42320381967744,6.61669200862785,1.403509185706259,0.3265,0.4212,0.3738,0.2703,0.4829,0.3766,0.2614,0.4212,0.3413,2.535,17.7,0.0,0.863,60.5,69.7,0.0,61.5
BR_223,Archetype_B,4.092419747002935,28.49535308437811,6.146174245031141,131.59190853255336,6.614363550321346,1.749216505224198,0.2752,0.4011,0.3382,0.2586,0.4742,0.3664,0.2521,0.4011,0.3266,2.638,21.7,0.0,1.209,64.5,76.3,0.0,69.1
BR_224,Archetype_B,2.8795935885547372,23.69955631109581,5.151036754277159,180.76458724274525,3.174780646037956,1.9231895879734875,0.3851,0.1761,0.2806,0.3718,0.1932,0.2825,0.3631,0.1761,0.2696,1.401,16.8,0.0,1.664,48.7,71.0,0.0,86.5
BR_225,Archetype_B,2.8061165230009215,22.38616285879806,6.477298109655488,197.88130708917498,2.6310084735785058,1.8722716880679506,0.4511,0.1308,0.291,0.4547,0.1375,0.2961,0.4441,0.1308,0.2874,1.188,14.9,0.0,1.658,42.3,66.4,0.0,88.5
BR_226,Archetype_C,4.620233499347983,13.94987895490862,1.5976130986254353,65.98507460127814,1.6672635682521424,2.1966838370739605,0.1371,0.2271,0.1821,0.1483,0.2319,0.1901,0.1223,0.2271,0.1747,4.081,11.4,0.0,2.061,88.3,82.0,0.0,93.8
BR_227,Archetype_C,4.270132370545891,30.65721829581604,3.0965576793369847,73.09125451671555,4.954636347335397,3.141367390184078,0.1341,0.4618,0.298,0.1304,0.5108,0.3206,0.127,0.4618,0.2944,3.538,27.2,0.0,2.737,82.8,88.9,0.0,87.1
BR_228,Archetype_C,2.909428106971029,21.032438845573804,0.468052837913999,58.5943778453445,2.1702779329950532,1.4331847014236017,0.1227,0.5351,0.3289,0.0518,0.6317,0.3418,0.0489,0.5351,0.292,2.293,17.3,0.0,0.499,78.8,82.5,0.0,34.8
BR_229,Archetype_C,4.7083585911178325,35.580650160878555,3.442641390821583,36.13318237232373,3.2361468099253474,2.130600812687174,0.1248,0.4627,0.2938,0.0751,0.563,0.319,0.0744,0.4627,0.2686,0.0,13.7,0.0,1.866,0.0,38.4,0.0,87.6
BR_230,Archetype_C,4.376019745494762,24.958197145562142,1.3943613446309477,73.8517348325176,3.8388982645933183,0.9917053627826188,0.1171,0.5983,0.3577,0.0912,0.7091,0.4002,0.0885,0.5983,0.3434,3.772,22.1,0.0,0.678,86.2,88.7,0.0,68.4
BR_231,Archetype_C,3.844228273496494,39.552020739857596,3.406253706074025,46.05934059765449,3.286483036740039,1.850192622464946,0.1335,0.4083,0.2709,0.0954,0.4855,0.2904,0.0943,0.4083,0.2513,3.177,33.9,0.0,1.582,82.6,85.8,0.0,85.5
BR_232,Archetype_C,2.7039622186516827,16.987540768838503,0.9549173685935937,66.39763827012563,4.069381522556288,2.626589682589127,0.1613,0.5939,0.3776,0.1051,0.6208,0.363,0.1027,0.5939,0.3483,2.161,14.5,0.0,0.875,79.9,85.1,0.0,33.3
BR_233,Archetype_C,3.0814291183989018,36.71237286702534,1.9697888869939828,70.2651958905751,3.110175882222747,2.227794343978166,0.1165,0.3716,0.244,0.1232,0.3982,0.2607,0.1131,0.3716,0.2424,2.647,33.1,0.0,1.974,85.9,90.1,0.0,88.6
BR_234,Archetype_C,2.2345106980654483,31.026714014491453,2.1555647896652315,92.4955771844519,1.4477073601476234,1.5284902980769839,0.1885,0.1565,0.1725,0.194,0.1792,0.1866,0.1745,0.1565,0.1655,1.662,26.2,0.0,1.41,74.4,84.5,0.0,92.3
BR_235,Archetype_C,4.630794248164176,28.78989188384492,2.5813163322897927,67.9641726536063,3.6929992467945585,1.2860934147353908,0.1126,0.4306,0.2716,0.113,0.4995,0.3062,0.1099,0.4306,0.2702,4.02,25.9,0.0,0.985,86.8,90.1,0.0,76.6
BR_236,Archetype_C,3.8184396701461223,30.68594997720195,3.447113782850093,52.593075841284985,3.1139625422793005,2.5822271509843637,0.15,0.3431,0.2466,0.1175,0.3885,0.253,0.1164,0.3431,0.2298,3.003,26.9,0.0,2.328,78.6,87.6,0.0,90.2
BR_237,Archetype_C,2.359406554714446,29.419611548374178,3.74811818873703,22.73344609440599,3.990558746288416,2.3317282944052593,0.2239,0.7251,0.4745,0.0808,0.94,0.5104,0.0799,0.7251,0.4025,1.511,19.1,0.0,0.145,64.1,65.0,0.0,6.2
BR_238,Archetype_C,3.4489244147567697,28.5848212986331,2.2924382939505548,93.28203987639856,4.060954506901348,3.673739715302094,0.1614,0.3657,0.2636,0.1473,0.3805,0.2639,0.1435,0.3657,0.2546,2.686,25.0,0.0,1.926,77.9,87.6,0.0,52.4
BR_239,Archetype_C,3.435299922284082,18.931986273736502,1.9464777171883112,29.81863150706387,4.3034383478215785,1.0755595812813414,0.1126,1.0,0.5563,0.0872,1.0,0.5436,0.0856,1.0,0.5428,2.975,16.8,0.0,-0.0,86.6,88.7,0.0,-0.0
BR_240,Archetype_C,1.9746383291878669,14.21627357997859,3.286929574535997,76.16236335799536,2.6356045022569337,1.8493005871982247,0.3061,0.2509,0.2785,0.2958,0.2949,0.2954,0.2883,0.2509,0.2696,1.197,10.6,0.0,1.634,60.6,74.5,0.0,88.4
BR_241,Archetype_C,1.6778175556196517,33.356070475661284,3.9650194527490994,33.73572008772265,2.673946719008871,0.8771230885102023,0.2929,0.4381,0.3655,0.1518,0.6124,0.3821,0.1301,0.4381,0.2841,0.781,22.5,0.0,0.659,46.5,67.4,0.0,75.1
BR_242,Archetype_C,4.225682695959809,32.68868218694442,3.269906292114076,37.09018829605928,4.631364578584454,1.1841431358856371,0.1307,0.7916,0.4612,0.0833,0.9036,0.4934,0.0826,0.7916,0.4371,3.452,29.1,0.0,0.258,81.7,89.0,0.0,21.8
BR_243,Archetype_C,3.958756337659997,35.24960374477531,2.134515463941507,67.07843099384908,2.716426923543624,3.277265462791298,0.1021,0.2946,0.1983,0.104,0.3137,0.2088,0.1011,0.2946,0.1978,3.41,32.7,0.0,2.108,86.1,92.8,0.0,64.3
BR_244,Archetype_C,3.831181563516547,25.72125620443608,2.156396022475085,30.378437096655738,2.7497612568687284,2.922957872351813,0.1014,0.4383,0.2699,0.0754,0.498,0.2867,0.0738,0.4383,0.256,3.321,23.3,0.0,1.424,86.7,90.8,0.0,48.7
BR_245,Archetype_C,3.53103153800229,17.441172474668388,2.7356614047877965,74.45047870895408,4.696725903876198,2.2315511950252787,0.1756,0.4727,0.3242,0.1741,0.5378,0.356,0.1725,0.4727,0.3226,2.884,14.4,0.0,1.848,81.7,82.7,0.0,82.8
BR_246,Archetype_C,4.254953812613765,17.80379416084666,0.6789026491968919,43.779014560166395,5.001191802952838,2.1520782224624027,0.0819,1.0,0.541,0.058,1.0,0.529,0.055,1.0,0.5275,3.897,16.1,0.0,-0.0,91.6,90.6,0.0,-0.0
BR_247,Archetype_C,4.611319420318309,30.245100676405468,2.768176455618911,20.41996719431604,2.868950324949741,0.8979513683883038,0.1093,0.7444,0.4268,0.0501,0.9403,0.4952,0.0493,0.7444,0.3968,3.956,27.2,0.0,0.206,85.8,89.9,0.0,22.9
BR_248,Archetype_C,3.8501748934122966,21.04913648499324,2.213425234050544,50.868456581163656,2.1067591364109024,2.987994519794469,0.1197,0.2651,0.1924,0.1137,0.2816,0.1976,0.1115,0.2651,0.1883,3.326,18.6,0.0,2.081,86.4,88.4,0.0,69.7
BR_249,Archetype_C,4.140466970053557,18.367053190448374,3.748025844324552,31.15639613640951,2.420617754551134,3.0567506871432264,0.2025,0.34,0.2712,0.0981,0.422,0.26,0.0979,0.34,0.219,3.254,14.2,0.0,1.737,78.6,77.5,0.0,56.8
BR_250,Archetype_C,2.626490989290822,20.660430750134765,0.9577003391972585,36.961428960956106,4.668480808453715,2.349752479288371,0.0869,0.899,0.493,0.0808,0.9286,0.5047,0.0785,0.899,0.4888,0.0,8.4,0.0,0.193,0.0,40.8,0.0,8.2
BR_251,Archetype_C,1.6924595430235727,17.28223654801588,3.3616822284289802,74.27211984305711,4.724944835829213,1.28770362569397,0.3155,0.4822,0.3989,0.3014,0.5687,0.435,0.2914,0.4822,0.3868,1.034,11.8,0.0,0.902,61.1,68.0,0.0,70.1
BR_252,Archetype_C,2.1533421451302366,28.257417887544825,2.3344692292413436,15.071675983664145,2.4334550867354987,3.670508844983117,0.1504,0.4765,0.3134,0.058,0.705,0.3815,0.0562,0.4765,0.2663,1.625,21.9,0.0,1.824,75.5,77.3,0.0,49.7
BR_253,Archetype_C,3.5853028410703263,19.17190193295352,2.9184296599763075,61.52374280052709,1.2641697998385097,3.7920509107623728,0.1686,0.1274,0.148,0.1545,0.1347,0.1446,0.1518,0.1274,0.1396,2.895,16.0,0.0,3.248,80.7,83.2,0.0,85.7
BR_254,Archetype_C,2.981872394544592,34.88614892096885,0.8956761117897756,18.39531618668496,4.2126986490542935,3.196027604752345,0.0445,1.0,0.5222,0.0414,1.0,0.5207,0.0398,1.0,0.5199,0.0,9.8,0.0,-0.0,0.0,28.2,0.0,-0.0
BR_255,Archetype_C,3.501570266551048,18.142825020965624,1.7702552581752173,63.87206375228134,3.1018085737274177,1.301463895450307,0.1363,0.4331,0.2847,0.1281,0.4792,0.3036,0.126,0.4331,0.2795,2.979,15.7,0.0,1.048,85.1,86.6,0.0,80.5
BR_256,Archetype_C,2.0997912023265184,20.443465781111474,3.038071922422991,87.11836737114596,3.0168241732467913,1.8388839305450015,0.2522,0.2784,0.2653,0.2603,0.3198,0.29,0.2509,0.2784,0.2646,1.505,15.4,0.0,1.593,71.7,75.6,0.0,86.6
BR_257,Archetype_C,3.01578534299595,15.793540344561944,2.976717842085486,45.10900818100059,5.073512859017305,3.7461206370143434,0.2014,0.5872,0.3943,0.1538,0.6485,0.4012,0.1516,0.5872,0.3694,2.312,12.5,0.0,0.981,76.6,79.3,0.0,26.2
BR_258,Archetype_C,2.389017566949485,19.066683512421562,2.697931976942079,25.522482753198403,1.1861214251156817,1.9162588902088276,0.1882,0.2252,0.2067,0.1044,0.2742,0.1893,0.1042,0.2252,0.1647,1.751,16.1,0.0,1.62,73.3,84.4,0.0,84.5
BR_259,Archetype_C,2.8732798404898454,27.05969035677837,3.0562000985690356,49.04337243215469,4.108382711149002,0.6926499741468944,0.1657,0.6078,0.3868,0.1343,0.7602,0.4472,0.1326,0.6078,0.3702,2.275,22.0,0.0,0.357,79.2,81.4,0.0,51.6
BR_260,Archetype_C,4.066771872692593,23.451566037170117,3.621342686123949,47.10265406251414,1.2663596531046313,1.6848250069024873,0.1728,0.1545,0.1637,0.1204,0.1869,0.1536,0.1181,0.1545,0.1363,3.21,19.5,0.0,1.581,78.9,83.0,0.0,93.9
BR_261,Archetype_C,3.011557435808378,29.69711304596431,1.1844438176300258,75.60882401975594,3.0350612247045605,1.7800913412676127,0.1318,0.4761,0.304,0.0997,0.5026,0.3012,0.0938,0.4761,0.285,2.216,24.9,0.0,1.532,73.6,84.0,0.0,86.1
BR_262,Archetype_C,2.749173624528017,20.736980400434298,3.263527159601668,56.21105035350017,4.563603281635464,2.1119060080841816,0.2028,0.5022,0.3525,0.1725,0.5796,0.376,0.1695,0.5022,0.3358,1.977,17.1,0.0,1.739,71.9,82.7,0.0,82.4
BR_263,Archetype_C,4.869646367142234,28.468069472678803,2.8124729186390915,90.26841089649302,2.7384440872728906,1.8573494012081186,0.1338,0.2566,0.1952,0.1327,0.2898,0.2112,0.1291,0.2566,0.1928,4.131,25.0,0.0,1.634,84.8,87.9,0.0,88.0
BR_264,Archetype_C,3.0862026850321143,34.411597787500774,0.7294590681352936,98.53162884193813,5.222948865494217,1.7031983998388678,0.1578,1.0,0.5789,0.0706,1.0,0.5353,0.061,1.0,0.5305,2.05,28.2,0.0,0.0,66.4,82.0,0.0,0.0
BR_265,Archetype_C,2.870075261168944,32.22782697390055,1.2930759605985893,59.09015095421963,3.56088440264653,2.728127432479579,0.1023,0.4877,0.295,0.0981,0.5123,0.3052,0.0911,0.4877,0.2894,2.504,29.2,0.0,1.196,87.3,90.5,0.0,43.8
BR_266,Archetype_C,3.8829970606194144,11.85139611450652,1.4600822342388204,92.99161808529126,2.408530791748742,2.4478597024015007,0.2246,0.2914,0.258,0.1865,0.3094,0.248,0.1544,0.2914,0.2229,3.123,8.3,0.0,1.411,80.4,70.1,0.0,57.7
BR_267,Archetype_C,2.6411096544492727,28.301489819471318,3.541262924307813,56.914056676723625,1.8669677670361526,3.556125795950441,0.199,0.1892,0.1941,0.161,0.2043,0.1826,0.1577,0.1892,0.1734,1.948,22.5,0.0,3.404,73.7,79.4,0.0,95.7
BR_268,Archetype_C,3.002096858183949,20.548831953732126,3.108786211303754,103.04441465662244,1.9417715933325344,3.182250097914471,0.2306,0.1533,0.192,0.227,0.1676,0.1973,0.2198,0.1533,0.1866,2.159,16.6,0.0,3.024,71.9,80.9,0.0,95.0
BR_269,Archetype_C,4.526380290879519,18.276993563476726,2.7197921676550156,23.602754852635595,2.943726477078305,1.5018440898083187,0.142,0.6145,0.3783,0.0709,0.7695,0.4202,0.0706,0.6145,0.3426,3.883,15.3,0.0,0.766,85.8,83.6,0.0,51.0
BR_270,Archetype_C,5.137568215332157,35.722760698936455,3.0177029111076967,69.2255235912904,1.1145767634890413,2.5513240465020814,0.1094,0.1102,0.1098,0.1054,0.1254,0.1154,0.1026,0.1102,0.1064,4.424,32.4,0.0,2.46,86.1,90.7,0.0,96.4
BR_271,Archetype_C,1.808256672794938,19.08498632373711,2.026760363147252,60.523686189174164,2.8316473777702296,1.583803482704282,0.1931,0.3707,0.2819,0.2023,0.4194,0.3108,0.1914,0.3707,0.281,1.411,15.8,0.0,1.353,78.0,82.5,0.0,85.4
BR_272,Archetype_C,4.541656757579965,25.629447483586887,1.1182566053130996,66.50210595140364,3.0194555326543875,3.7140068178871917,0.1022,0.3713,0.2368,0.0735,0.3823,0.2279,0.0715,0.3713,0.2214,3.998,23.1,0.0,2.415,88.0,90.1,0.0,65.0
BR_273,Archetype_C,2.970033705050115,25.98735180174883,2.064805939720312,58.225879543349066,4.301239243011095,2.6371154322630224,0.125,0.5391,0.332,0.1271,0.5709,0.349,0.1244,0.5391,0.3318,2.482,23.7,0.0,2.286,83.6,91.3,0.0,86.7
BR_274,Archetype_C,2.4507608172415174,27.37024099103695,2.7615130382931117,61.6333146732221,3.677734996729682,2.780336641489285,0.1737,0.3961,0.2849,0.1671,0.4375,0.3023,0.1599,0.3961,0.278,1.91,22.8,0.0,2.48,77.9,83.4,0.0,89.2
BR_275,Archetype_C,2.9108818209001055,26.12908849225967,0.859472561447493,21.996669984389893,3.8489006787632034,2.0979503514758444,0.0511,1.0,0.5256,0.0508,1.0,0.5254,0.0498,1.0,0.5249,0.0,12.6,0.0,-0.0,0.0,48.2,0.0,-0.0
BR_276,Archetype_C,4.104485130341766,18.127239496532084,1.6865077980728225,33.86512411833608,1.822021168284318,1.7058341660114942,0.0935,0.3402,0.2168,0.0836,0.3718,0.2277,0.0818,0.3402,0.211,0.209,0.0,0.0,1.557,5.1,0.0,0.0,91.3
BR_277,Archetype_C,3.250953886160105,22.888226551365918,2.9662024823234456,78.77710069444959,2.395859110165523,3.9815754890636583,0.1752,0.2116,0.1934,0.1766,0.2243,0.2005,0.1716,0.2116,0.1916,2.549,19.6,0.0,2.951,78.4,85.7,0.0,74.1
BR_278,Archetype_C,2.489498979154355,24.427697037478964,3.484231585622827,75.75036506534151,3.9423573922726094,3.8534818021191475,0.2245,0.3385,0.2815,0.2129,0.3659,0.2894,0.2071,0.3385,0.2728,1.807,18.7,0.0,3.532,72.6,76.5,0.0,91.7
BR_279,Archetype_C,3.69168486610375,18.68657675951753,4.065619156289739,95.05177786394613,3.3816698245525254,2.2388799722152783,0.2392,0.2601,0.2496,0.2262,0.3056,0.2659,0.2235,0.2601,0.2418,2.73,14.2,0.0,1.963,73.9,76.0,0.0,87.7
BR_280,Archetype_C,2.5802688031658283,14.891182072608427,3.652528858397344,95.78165760608346,0.9043683155563685,2.7656655035077113,0.2955,0.07,0.1828,0.2949,0.0804,0.1876,0.2876,0.07,0.1788,1.716,10.9,0.0,2.692,66.5,73.0,0.0,97.3
BR_281,Archetype_C,2.094079101525096,18.53597642675759,2.596659510346087,80.05277683374189,4.618446720506171,2.2880295518089104,0.2327,0.4583,0.3455,0.2371,0.5123,0.3747,0.2309,0.4583,0.3446,1.439,15.5,0.0,1.911,68.7,83.6,0.0,83.5
BR_282,Archetype_C,1.9591738399599838,12.222285496155166,2.2982017131007657,67.9182698749821,4.449821024121622,3.0916126142242577,0.2466,0.4852,0.3659,0.2523,0.5112,0.3818,0.2448,0.4852,0.365,1.404,9.6,0.0,1.177,71.6,78.9,0.0,38.1
BR_283,Archetype_C,2.089406065167098,22.03236317052409,2.4796764893304557,42.81162908966498,3.01279381904687,1.2326062043323314,0.1772,0.4512,0.3142,0.1509,0.534,0.3425,0.1474,0.4512,0.2993,1.604,18.0,0.0,0.987,76.8,81.5,0.0,80.1
BR_284,Archetype_C,2.681913224111038,14.855140344295847,2.188414660842853,11.997305668526842,1.6349894507472718,2.7058628046737443,0.1617,0.4041,0.2829,0.0569,0.5951,0.326,0.0561,0.4041,0.2301,1.858,11.7,0.0,1.465,69.3,78.6,0.0,54.2
BR_285,Archetype_C,2.547434806673278,23.114113275928897,1.5296324944332291,80.78736502327413,4.167079758312994,1.583583616023808,0.1741,0.5599,0.367,0.1449,0.6306,0.3878,0.1389,0.5599,0.3494,1.887,20.0,0.0,1.243,74.1,86.7,0.0,78.5
BR_286,Archetype_C,3.211164764088616,31.69136635119161,2.591288605523343,88.14663937535344,3.489198843299081,3.6071933311293654,0.1546,0.3152,0.2349,0.1586,0.3294,0.244,0.1515,0.3152,0.2334,2.666,27.1,0.0,2.106,83.0,85.5,0.0,58.4
BR_287,Archetype_C,2.4944331331695526,29.84248097890193,2.574233882690116,24.063745874423315,4.370403906680271,2.260670392826396,0.1475,1.0,0.5738,0.077,1.0,0.5385,0.0769,1.0,0.5384,1.912,22.8,0.0,0.0,76.7,76.3,0.0,0.0
BR_288,Archetype_C,3.1647230576583736,19.86926458922299,1.7476065739151572,51.1110463292651,4.703661186117914,2.190965929413878,0.1148,0.6855,0.4002,0.1178,0.7289,0.4234,0.1144,0.6855,0.4,2.747,17.9,0.0,1.807,86.8,90.2,0.0,82.5
BR_289,Archetype_C,3.5742089123164806,18.232350197983436,2.963278518083639,83.9423375870171,4.743213942921561,3.122059020762389,0.1867,0.4206,0.3036,0.1881,0.4618,0.3249,0.1856,0.4206,0.3031,2.873,15.0,0.0,2.735,80.4,82.1,0.0,87.6
BR_290,Archetype_C,3.4022481776091547,18.283958874745807,3.5863062704712743,53.86847757642133,2.7881405550436242,1.0137804124101781,0.2122,0.3447,0.2784,0.1617,0.4383,0.3,0.159,0.3447,0.2518,2.554,14.3,0.0,0.786,75.1,78.4,0.0,77.6
BR_291,Archetype_C,3.4038448427242294,27.92065971852337,1.561746242471081,50.866367078337,2.239963809799722,2.010898816437325,0.0931,0.3469,0.22,0.0921,0.3663,0.2292,0.0901,0.3469,0.2185,2.988,26.0,0.0,1.828,87.8,93.1,0.0,90.9
BR_292,Archetype_C,2.6590391454413385,25.9220339692666,1.7955051484652116,53.43881744518118,4.380624484643074,2.9532342254757453,0.1196,0.5624,0.341,0.124,0.6021,0.363,0.1193,0.5624,0.3408,2.307,23.0,0.0,1.068,86.8,88.6,0.0,36.2
BR_293,Archetype_C,2.17541888440467,18.122389945130692,1.9303752897838604,49.52705587045079,3.826381655957578,2.491916977829038,0.158,0.5354,0.3467,0.1562,0.5665,0.3614,0.1538,0.5354,0.3446,1.719,16.0,0.0,0.845,79.0,88.3,0.0,33.9
BR_294,Archetype_C,1.3802187004003899,32.48985346697052,1.6285406932554685,55.07348427643486,4.534278325271193,2.2090921024809678,0.1629,0.6592,0.411,0.1794,0.688,0.4337,0.1619,0.6592,0.4106,1.039,29.6,0.0,1.839,75.3,91.2,0.0,83.2
BR_295,Archetype_C,1.7713206825271461,12.147970926380072,0.8141896200242518,38.47048090960381,2.89949169945788,2.303920459670544,0.1391,0.5616,0.3504,0.1175,0.5865,0.352,0.1132,0.5616,0.3374,1.457,10.7,0.0,1.056,82.2,87.9,0.0,45.8
BR_296,Archetype_C,2.7157098262444492,24.75563880360663,3.175414328367219,26.653449399317843,2.591897018093805,0.7259675160599162,0.1845,0.5407,0.3626,0.0922,0.7409,0.4166,0.0921,0.5407,0.3164,1.997,16.0,0.0,0.48,73.5,64.8,0.0,66.1
BR_297,Archetype_C,2.54641521138046,32.93310986560411,1.626115021045624,86.38762776640131,4.716156748524341,2.0657651350533257,0.1556,0.5808,0.3682,0.1424,0.6247,0.3836,0.1293,0.5808,0.355,2.012,28.4,0.0,1.681,79.0,86.4,0.0,81.4
BR_298,Archetype_C,1.8600296843508755,34.544936830205444,2.1729048554129613,64.72184493752299,4.54295768421615,4.047117435099833,0.1635,0.4604,0.312,0.1808,0.4935,0.3372,0.1611,0.4604,0.3107,1.434,31.0,0.0,2.092,77.1,89.7,0.0,51.7
BR_299,Archetype_C,2.5570266612624515,28.410108306628906,1.9452448471642374,101.5797978109976,4.736754843689887,2.356110167058101,0.1967,0.493,0.3448,0.175,0.5351,0.355,0.1629,0.493,0.3279,1.929,23.1,0.0,1.97,75.4,81.4,0.0,83.6
BR_300,Archetype_C,2.4873388951742306,30.161417400599767,4.471909118733846,77.87689817131294,4.1650648413877045,1.8179297104674652,0.2558,0.3556,0.3057,0.2173,0.4334,0.3254,0.2115,0.3556,0.2836,1.611,22.8,0.0,1.478,64.8,75.6,0.0,81.3
